<?xml version="1.0" encoding="UTF-8"?>
<deploy
 date="2023.02.07.17:41:47"
 outputDirectory="C:/Users/jdelpin/Documents/GitHub/proyecto_CHS/hardware/video_ip/video_ip_sim_qsys/">
 <perimeter>
  <parameter
     name="AUTO_GENERATION_ID"
     type="Integer"
     defaultValue="0"
     onHdl="0"
     affectsHdl="1" />
  <parameter
     name="AUTO_UNIQUE_ID"
     type="String"
     defaultValue=""
     onHdl="0"
     affectsHdl="1" />
  <parameter
     name="AUTO_DEVICE_FAMILY"
     type="String"
     defaultValue="Cyclone IV E"
     onHdl="0"
     affectsHdl="1" />
  <parameter
     name="AUTO_DEVICE"
     type="String"
     defaultValue="EP4CE115F29C7"
     onHdl="0"
     affectsHdl="1" />
  <parameter
     name="AUTO_DEVICE_SPEEDGRADE"
     type="String"
     defaultValue="7"
     onHdl="0"
     affectsHdl="1" />
  <parameter
     name="AUTO_CLK_CLOCK_RATE"
     type="Long"
     defaultValue="-1"
     onHdl="0"
     affectsHdl="1" />
  <parameter
     name="AUTO_CLK_CLOCK_DOMAIN"
     type="Integer"
     defaultValue="-1"
     onHdl="0"
     affectsHdl="1" />
  <parameter
     name="AUTO_CLK_RESET_DOMAIN"
     type="Integer"
     defaultValue="-1"
     onHdl="0"
     affectsHdl="1" />
  <interface name="clk" kind="clock" start="0">
   <property name="clockRate" value="50000000" />
   <property name="externallyDriven" value="false" />
   <property name="ptfSchematicName" value="" />
   <port name="clk_clk" direction="input" role="clk" width="1" />
  </interface>
  <interface name="reset" kind="reset" start="0">
   <property name="associatedClock" value="" />
   <property name="synchronousEdges" value="NONE" />
   <port name="reset_reset_n" direction="input" role="reset_n" width="1" />
  </interface>
 </perimeter>
 <entity
   path=""
   parameterizationKey="video_ip_sim_qsys:1.0:AUTO_CLK_CLOCK_DOMAIN=-1,AUTO_CLK_CLOCK_RATE=-1,AUTO_CLK_RESET_DOMAIN=-1,AUTO_DEVICE=EP4CE115F29C7,AUTO_DEVICE_FAMILY=Cyclone IV E,AUTO_DEVICE_SPEEDGRADE=7,AUTO_GENERATION_ID=1675788105,AUTO_UNIQUE_ID=(clock_source:17.1:clockFrequency=50000000,clockFrequencyKnown=true,inputClockFrequency=0,resetSynchronousEdges=NONE)(altera_avalon_mm_master_bfm:17.1:ADDRESS_UNITS=WORDS,ASSERT_HIGH_ARBITERLOCK=1,ASSERT_HIGH_BYTEENABLE=1,ASSERT_HIGH_LOCK=1,ASSERT_HIGH_READ=1,ASSERT_HIGH_READDATAVALID=1,ASSERT_HIGH_RESET=1,ASSERT_HIGH_WAITREQUEST=1,ASSERT_HIGH_WRITE=1,AV_ADDRESS_W=3,AV_ALWAYS_BURST_MAX_BURST=0,AV_BURSTCOUNT_W=1,AV_BURST_BNDR_ONLY=0,AV_BURST_LINEWRAP=0,AV_CONSTANT_BURST_BEHAVIOR=0,AV_FIX_READ_LATENCY=0,AV_MAX_PENDING_READS=0,AV_MAX_PENDING_WRITES=0,AV_NUMSYMBOLS=4,AV_READRESPONSE_W=8,AV_READ_WAIT_TIME=1,AV_REGISTERINCOMINGSIGNALS=0,AV_SYMBOL_W=8,AV_WRITERESPONSE_W=8,AV_WRITE_WAIT_TIME=0,REGISTER_WAITREQUEST=0,USE_ADDRESS=1,USE_ARBITERLOCK=0,USE_BEGIN_BURST_TRANSFER=0,USE_BEGIN_TRANSFER=0,USE_BURSTCOUNT=0,USE_BYTE_ENABLE=0,USE_CLKEN=0,USE_DEBUGACCESS=0,USE_LOCK=0,USE_READ=1,USE_READRESPONSE=0,USE_READ_DATA=1,USE_READ_DATA_VALID=0,USE_TRANSACTIONID=0,USE_WAIT_REQUEST=1,USE_WRITE=1,USE_WRITERESPONSE=0,USE_WRITE_DATA=1,VHDL_ID=0)(altera_avalon_st_sink_bfm:17.1:ST_BEATSPERCYCLE=1,ST_CHANNEL_W=1,ST_EMPTY_W=1,ST_ERROR_DESCRIPTOR=,ST_ERROR_W=1,ST_MAX_CHANNELS=0,ST_NUMSYMBOLS=1,ST_READY_LATENCY=0,ST_SYMBOL_W=16,USE_CHANNEL=0,USE_EMPTY=0,USE_ERROR=0,USE_PACKET=1,USE_READY=1,USE_VALID=1,VHDL_ID=0)(altera_avalon_st_source_bfm:17.1:ST_BEATSPERCYCLE=1,ST_CHANNEL_W=1,ST_EMPTY_W=1,ST_ERROR_DESCRIPTOR=,ST_ERROR_W=1,ST_MAX_CHANNELS=0,ST_NUMSYMBOLS=1,ST_READY_LATENCY=0,ST_SYMBOL_W=16,USE_CHANNEL=0,USE_EMPTY=0,USE_ERROR=0,USE_PACKET=1,USE_READY=1,USE_VALID=1,VHDL_ID=0)(video_effects:0:)(avalon:17.1:arbitrationPriority=1,baseAddress=0x0000,defaultConnection=false)(avalon_streaming:17.1:)(avalon_streaming:17.1:)(clock:17.1:)(clock:17.1:)(clock:17.1:)(clock:17.1:)(reset:17.1:)(reset:17.1:)(reset:17.1:)(reset:17.1:)"
   instancePathKey="video_ip_sim_qsys"
   kind="video_ip_sim_qsys"
   version="1.0"
   name="video_ip_sim_qsys">
  <parameter name="AUTO_CLK_CLOCK_RATE" value="-1" />
  <parameter name="AUTO_GENERATION_ID" value="1675788105" />
  <parameter name="AUTO_DEVICE" value="EP4CE115F29C7" />
  <parameter name="AUTO_DEVICE_FAMILY" value="Cyclone IV E" />
  <parameter name="AUTO_CLK_RESET_DOMAIN" value="-1" />
  <parameter name="AUTO_CLK_CLOCK_DOMAIN" value="-1" />
  <parameter name="AUTO_UNIQUE_ID" value="" />
  <parameter name="AUTO_DEVICE_SPEEDGRADE" value="7" />
  <generatedFiles>
   <file
       path="C:/Users/jdelpin/Documents/GitHub/proyecto_CHS/hardware/video_ip/video_ip_sim_qsys/synthesis/video_ip_sim_qsys.v"
       type="VERILOG" />
  </generatedFiles>
  <childGeneratedFiles>
   <file
       path="C:/Users/jdelpin/Documents/GitHub/proyecto_CHS/hardware/video_ip/video_ip_sim_qsys/synthesis/submodules/verbosity_pkg.sv"
       type="SYSTEM_VERILOG"
       attributes="" />
   <file
       path="C:/Users/jdelpin/Documents/GitHub/proyecto_CHS/hardware/video_ip/video_ip_sim_qsys/synthesis/submodules/avalon_mm_pkg.sv"
       type="SYSTEM_VERILOG"
       attributes="" />
   <file
       path="C:/Users/jdelpin/Documents/GitHub/proyecto_CHS/hardware/video_ip/video_ip_sim_qsys/synthesis/submodules/avalon_utilities_pkg.sv"
       type="SYSTEM_VERILOG"
       attributes="" />
   <file
       path="C:/Users/jdelpin/Documents/GitHub/proyecto_CHS/hardware/video_ip/video_ip_sim_qsys/synthesis/submodules/altera_avalon_mm_master_bfm.sv"
       type="SYSTEM_VERILOG"
       attributes="" />
   <file
       path="C:/Users/jdelpin/Documents/GitHub/proyecto_CHS/hardware/video_ip/video_ip_sim_qsys/synthesis/submodules/verbosity_pkg.sv"
       type="SYSTEM_VERILOG"
       attributes="" />
   <file
       path="C:/Users/jdelpin/Documents/GitHub/proyecto_CHS/hardware/video_ip/video_ip_sim_qsys/synthesis/submodules/avalon_utilities_pkg.sv"
       type="SYSTEM_VERILOG"
       attributes="" />
   <file
       path="C:/Users/jdelpin/Documents/GitHub/proyecto_CHS/hardware/video_ip/video_ip_sim_qsys/synthesis/submodules/altera_avalon_st_sink_bfm.sv"
       type="SYSTEM_VERILOG"
       attributes="" />
   <file
       path="C:/Users/jdelpin/Documents/GitHub/proyecto_CHS/hardware/video_ip/video_ip_sim_qsys/synthesis/submodules/verbosity_pkg.sv"
       type="SYSTEM_VERILOG"
       attributes="" />
   <file
       path="C:/Users/jdelpin/Documents/GitHub/proyecto_CHS/hardware/video_ip/video_ip_sim_qsys/synthesis/submodules/avalon_utilities_pkg.sv"
       type="SYSTEM_VERILOG"
       attributes="" />
   <file
       path="C:/Users/jdelpin/Documents/GitHub/proyecto_CHS/hardware/video_ip/video_ip_sim_qsys/synthesis/submodules/altera_avalon_st_source_bfm.sv"
       type="SYSTEM_VERILOG"
       attributes="" />
   <file
       path="C:/Users/jdelpin/Documents/GitHub/proyecto_CHS/hardware/video_ip/video_ip_sim_qsys/synthesis/submodules/video_ip.v"
       type="VERILOG"
       attributes="TOP_LEVEL_FILE" />
   <file
       path="C:/Users/jdelpin/Documents/GitHub/proyecto_CHS/hardware/video_ip/video_ip_sim_qsys/synthesis/submodules/avalon_mm_slave_interface.v"
       type="VERILOG"
       attributes="" />
   <file
       path="C:/Users/jdelpin/Documents/GitHub/proyecto_CHS/hardware/video_ip/video_ip_sim_qsys/synthesis/submodules/avalon_st_sink_interface.v"
       type="VERILOG"
       attributes="" />
   <file
       path="C:/Users/jdelpin/Documents/GitHub/proyecto_CHS/hardware/video_ip/video_ip_sim_qsys/synthesis/submodules/avalon_st_source_interface.v"
       type="VERILOG"
       attributes="" />
   <file
       path="C:/Users/jdelpin/Documents/GitHub/proyecto_CHS/hardware/video_ip/video_ip_sim_qsys/synthesis/submodules/video_effects.v"
       type="VERILOG"
       attributes="" />
   <file
       path="C:/Users/jdelpin/Documents/GitHub/proyecto_CHS/hardware/video_ip/video_ip_sim_qsys/synthesis/submodules/video_ip_sim_qsys_mm_interconnect_0.v"
       type="VERILOG" />
   <file
       path="C:/Users/jdelpin/Documents/GitHub/proyecto_CHS/hardware/video_ip/video_ip_sim_qsys/synthesis/submodules/altera_merlin_master_translator.sv"
       type="SYSTEM_VERILOG"
       attributes="" />
   <file
       path="C:/Users/jdelpin/Documents/GitHub/proyecto_CHS/hardware/video_ip/video_ip_sim_qsys/synthesis/submodules/altera_merlin_slave_translator.sv"
       type="SYSTEM_VERILOG"
       attributes="" />
   <file
       path="C:/Users/jdelpin/Documents/GitHub/proyecto_CHS/hardware/video_ip/video_ip_sim_qsys/synthesis/submodules/altera_reset_controller.v"
       type="VERILOG"
       attributes="" />
   <file
       path="C:/Users/jdelpin/Documents/GitHub/proyecto_CHS/hardware/video_ip/video_ip_sim_qsys/synthesis/submodules/altera_reset_synchronizer.v"
       type="VERILOG"
       attributes="" />
   <file
       path="C:/Users/jdelpin/Documents/GitHub/proyecto_CHS/hardware/video_ip/video_ip_sim_qsys/synthesis/submodules/altera_reset_controller.sdc"
       type="SDC"
       attributes="" />
  </childGeneratedFiles>
  <sourceFiles>
   <file
       path="C:/Users/jdelpin/Documents/GitHub/proyecto_CHS/hardware/video_ip/video_ip_sim_qsys.qsys" />
  </sourceFiles>
  <childSourceFiles>
   <file
       path="C:/intelfpga/17.1/ip/altera/sopc_builder_ip/verification/altera_avalon_mm_master_bfm/altera_avalon_mm_master_bfm_hw.tcl" />
   <file
       path="C:/intelfpga/17.1/ip/altera/sopc_builder_ip/verification/altera_avalon_st_sink_bfm/altera_avalon_st_sink_bfm_hw.tcl" />
   <file
       path="C:/intelfpga/17.1/ip/altera/sopc_builder_ip/verification/altera_avalon_st_source_bfm/altera_avalon_st_source_bfm_hw.tcl" />
   <file
       path="C:/Users/jdelpin/Documents/GitHub/proyecto_CHS/hardware/video_ip/video_effects_hw.tcl" />
   <file
       path="C:/intelfpga/17.1/ip/altera/merlin/altera_mm_interconnect/altera_mm_interconnect_hw.tcl" />
   <file
       path="C:/intelfpga/17.1/ip/altera/merlin/altera_merlin_master_translator/altera_merlin_master_translator_hw.tcl" />
   <file
       path="C:/intelfpga/17.1/ip/altera/merlin/altera_merlin_slave_translator/altera_merlin_slave_translator_hw.tcl" />
   <file
       path="C:/intelfpga/17.1/ip/altera/merlin/altera_reset_controller/altera_reset_controller_hw.tcl" />
  </childSourceFiles>
  <messages>
   <message level="Debug" culprit="video_ip_sim_qsys">queue size: 0 starting:video_ip_sim_qsys "video_ip_sim_qsys"</message>
   <message level="Progress" culprit="min"></message>
   <message level="Progress" culprit="max"></message>
   <message level="Progress" culprit="current"></message>
   <message level="Debug">Transform: CustomInstructionTransform</message>
   <message level="Debug">No custom instruction connections, skipping transform </message>
   <message level="Debug" culprit="merlin_custom_instruction_transform"><![CDATA[After transform: <b>5</b> modules, <b>11</b> connections]]></message>
   <message level="Debug">Transform: MMTransform</message>
   <message level="Debug">Transform: InitialInterconnectTransform</message>
   <message level="Info">Interconnect is inserted between master mm_master_bfm_0.m0 and slave video_effects_0.avalon_slave because the master has waitrequest signal 1 bit wide, but the slave is 0 bit wide.</message>
   <message level="Debug" culprit="merlin_initial_interconnect_transform"><![CDATA[After transform: <b>3</b> modules, <b>5</b> connections]]></message>
   <message level="Debug">Transform: TerminalIdAssignmentUpdateTransform</message>
   <message level="Debug">Transform: DefaultSlaveTransform</message>
   <message level="Debug">Transform: TranslatorTransform</message>
   <message level="Progress" culprit="min"></message>
   <message level="Progress" culprit="max"></message>
   <message level="Progress" culprit="current"></message>
   <message level="Progress" culprit="min"></message>
   <message level="Progress" culprit="max"></message>
   <message level="Progress" culprit="current"></message>
   <message level="Debug" culprit="merlin_translator_transform"><![CDATA[After transform: <b>5</b> modules, <b>11</b> connections]]></message>
   <message level="Debug">Transform: IDPadTransform</message>
   <message level="Debug">Transform: DomainTransform</message>
   <message level="Debug">Transform merlin_domain_transform not run on matched interfaces mm_master_bfm_0.m0 and mm_master_bfm_0_m0_translator.avalon_anti_master_0</message>
   <message level="Debug">Transform merlin_domain_transform not run on matched interfaces mm_master_bfm_0_m0_translator.avalon_universal_master_0 and video_effects_0_avalon_slave_translator.avalon_universal_slave_0</message>
   <message level="Debug">Transform merlin_domain_transform not run on matched interfaces video_effects_0_avalon_slave_translator.avalon_anti_slave_0 and video_effects_0.avalon_slave</message>
   <message level="Debug">Transform: RouterTransform</message>
   <message level="Debug">Transform: TrafficLimiterTransform</message>
   <message level="Debug">Transform: BurstTransform</message>
   <message level="Debug">Transform: TreeTransform</message>
   <message level="Debug">Transform: NetworkToSwitchTransform</message>
   <message level="Debug">Transform: WidthTransform</message>
   <message level="Debug">Transform: RouterTableTransform</message>
   <message level="Debug">Transform: ThreadIDMappingTableTransform</message>
   <message level="Debug">Transform: ClockCrossingTransform</message>
   <message level="Debug">Transform: PipelineTransform</message>
   <message level="Debug">Transform: SpotPipelineTransform</message>
   <message level="Debug">Transform: PerformanceMonitorTransform</message>
   <message level="Debug">Transform: TrafficLimiterUpdateTransform</message>
   <message level="Debug">Transform: InsertClockAndResetBridgesTransform</message>
   <message level="Progress" culprit="min"></message>
   <message level="Progress" culprit="max"></message>
   <message level="Progress" culprit="current"></message>
   <message level="Progress" culprit="min"></message>
   <message level="Progress" culprit="max"></message>
   <message level="Progress" culprit="current"></message>
   <message level="Debug" culprit="merlin_clock_and_reset_bridge_transform"><![CDATA[After transform: <b>7</b> modules, <b>17</b> connections]]></message>
   <message level="Debug">Transform: InterconnectConnectionsTagger</message>
   <message level="Debug">Transform: HierarchyTransform</message>
   <message level="Progress" culprit="min"></message>
   <message level="Progress" culprit="max"></message>
   <message level="Progress" culprit="current"></message>
   <message level="Debug" culprit="merlin_hierarchy_transform"><![CDATA[After transform: <b>6</b> modules, <b>14</b> connections]]></message>
   <message level="Debug" culprit="merlin_mm_transform"><![CDATA[After transform: <b>6</b> modules, <b>14</b> connections]]></message>
   <message level="Debug">Transform: InterruptMapperTransform</message>
   <message level="Debug">Transform: InterruptSyncTransform</message>
   <message level="Debug">Transform: InterruptFanoutTransform</message>
   <message level="Debug">Transform: AvalonStreamingTransform</message>
   <message level="Debug">Transform: ResetAdaptation</message>
   <message level="Progress" culprit="min"></message>
   <message level="Progress" culprit="max"></message>
   <message level="Progress" culprit="current"></message>
   <message level="Debug" culprit="reset_adaptation_transform"><![CDATA[After transform: <b>7</b> modules, <b>16</b> connections]]></message>
   <message level="Debug" culprit="video_ip_sim_qsys"><![CDATA["<b>video_ip_sim_qsys</b>" reuses <b>altera_avalon_mm_master_bfm</b> "<b>submodules/altera_avalon_mm_master_bfm</b>"]]></message>
   <message level="Debug" culprit="video_ip_sim_qsys"><![CDATA["<b>video_ip_sim_qsys</b>" reuses <b>altera_avalon_st_sink_bfm</b> "<b>submodules/altera_avalon_st_sink_bfm</b>"]]></message>
   <message level="Debug" culprit="video_ip_sim_qsys"><![CDATA["<b>video_ip_sim_qsys</b>" reuses <b>altera_avalon_st_source_bfm</b> "<b>submodules/altera_avalon_st_source_bfm</b>"]]></message>
   <message level="Debug" culprit="video_ip_sim_qsys"><![CDATA["<b>video_ip_sim_qsys</b>" reuses <b>video_effects</b> "<b>submodules/video_ip</b>"]]></message>
   <message level="Debug" culprit="video_ip_sim_qsys"><![CDATA["<b>video_ip_sim_qsys</b>" reuses <b>altera_mm_interconnect</b> "<b>submodules/video_ip_sim_qsys_mm_interconnect_0</b>"]]></message>
   <message level="Debug" culprit="video_ip_sim_qsys"><![CDATA["<b>video_ip_sim_qsys</b>" reuses <b>altera_reset_controller</b> "<b>submodules/altera_reset_controller</b>"]]></message>
   <message level="Debug" culprit="video_ip_sim_qsys">queue size: 5 starting:altera_avalon_mm_master_bfm "submodules/altera_avalon_mm_master_bfm"</message>
   <message level="Info" culprit="mm_master_bfm_0"><![CDATA["<b>video_ip_sim_qsys</b>" instantiated <b>altera_avalon_mm_master_bfm</b> "<b>mm_master_bfm_0</b>"]]></message>
   <message level="Debug" culprit="video_ip_sim_qsys">queue size: 4 starting:altera_avalon_st_sink_bfm "submodules/altera_avalon_st_sink_bfm"</message>
   <message level="Info" culprit="st_sink_bfm_0"><![CDATA["<b>video_ip_sim_qsys</b>" instantiated <b>altera_avalon_st_sink_bfm</b> "<b>st_sink_bfm_0</b>"]]></message>
   <message level="Info"><![CDATA[Reusing file <b>C:/Users/jdelpin/Documents/GitHub/proyecto_CHS/hardware/video_ip/video_ip_sim_qsys/synthesis/submodules/verbosity_pkg.sv</b>]]></message>
   <message level="Info"><![CDATA[Reusing file <b>C:/Users/jdelpin/Documents/GitHub/proyecto_CHS/hardware/video_ip/video_ip_sim_qsys/synthesis/submodules/avalon_utilities_pkg.sv</b>]]></message>
   <message level="Debug" culprit="video_ip_sim_qsys">queue size: 3 starting:altera_avalon_st_source_bfm "submodules/altera_avalon_st_source_bfm"</message>
   <message level="Info" culprit="st_source_bfm_0"><![CDATA["<b>video_ip_sim_qsys</b>" instantiated <b>altera_avalon_st_source_bfm</b> "<b>st_source_bfm_0</b>"]]></message>
   <message level="Info"><![CDATA[Reusing file <b>C:/Users/jdelpin/Documents/GitHub/proyecto_CHS/hardware/video_ip/video_ip_sim_qsys/synthesis/submodules/verbosity_pkg.sv</b>]]></message>
   <message level="Info"><![CDATA[Reusing file <b>C:/Users/jdelpin/Documents/GitHub/proyecto_CHS/hardware/video_ip/video_ip_sim_qsys/synthesis/submodules/avalon_utilities_pkg.sv</b>]]></message>
   <message level="Debug" culprit="video_ip_sim_qsys">queue size: 2 starting:video_effects "submodules/video_ip"</message>
   <message level="Info" culprit="video_effects_0"><![CDATA["<b>video_ip_sim_qsys</b>" instantiated <b>video_effects</b> "<b>video_effects_0</b>"]]></message>
   <message level="Debug" culprit="video_ip_sim_qsys">queue size: 1 starting:altera_mm_interconnect "submodules/video_ip_sim_qsys_mm_interconnect_0"</message>
   <message level="Progress" culprit="min"></message>
   <message level="Progress" culprit="max"></message>
   <message level="Progress" culprit="current"></message>
   <message level="Debug">Transform: CustomInstructionTransform</message>
   <message level="Debug">No custom instruction connections, skipping transform </message>
   <message level="Debug" culprit="merlin_custom_instruction_transform"><![CDATA[After transform: <b>4</b> modules, <b>6</b> connections]]></message>
   <message level="Debug">Transform: MMTransform</message>
   <message level="Debug">Transform: InitialInterconnectTransform</message>
   <message level="Debug" culprit="merlin_initial_interconnect_transform"><![CDATA[After transform: <b>0</b> modules, <b>0</b> connections]]></message>
   <message level="Debug">Transform: TerminalIdAssignmentUpdateTransform</message>
   <message level="Debug">Transform: DefaultSlaveTransform</message>
   <message level="Debug">Transform: TranslatorTransform</message>
   <message level="Debug">No Avalon connections, skipping transform </message>
   <message level="Debug">Transform: IDPadTransform</message>
   <message level="Debug">Transform: DomainTransform</message>
   <message level="Debug">Transform: RouterTransform</message>
   <message level="Debug">Transform: TrafficLimiterTransform</message>
   <message level="Debug">Transform: BurstTransform</message>
   <message level="Debug">Transform: TreeTransform</message>
   <message level="Debug">Transform: NetworkToSwitchTransform</message>
   <message level="Debug">Transform: WidthTransform</message>
   <message level="Debug">Transform: RouterTableTransform</message>
   <message level="Debug">Transform: ThreadIDMappingTableTransform</message>
   <message level="Debug">Transform: ClockCrossingTransform</message>
   <message level="Debug">Transform: PipelineTransform</message>
   <message level="Debug">Transform: SpotPipelineTransform</message>
   <message level="Debug">Transform: PerformanceMonitorTransform</message>
   <message level="Debug">Transform: TrafficLimiterUpdateTransform</message>
   <message level="Debug">Transform: InsertClockAndResetBridgesTransform</message>
   <message level="Debug">Transform: InterconnectConnectionsTagger</message>
   <message level="Debug">Transform: HierarchyTransform</message>
   <message level="Debug" culprit="merlin_hierarchy_transform"><![CDATA[After transform: <b>4</b> modules, <b>6</b> connections]]></message>
   <message level="Debug">Transform: InterruptMapperTransform</message>
   <message level="Debug">Transform: InterruptSyncTransform</message>
   <message level="Debug">Transform: InterruptFanoutTransform</message>
   <message level="Debug">Transform: AvalonStreamingTransform</message>
   <message level="Debug">Transform: ResetAdaptation</message>
   <message level="Debug" culprit="mm_interconnect_0"><![CDATA["<b>mm_interconnect_0</b>" reuses <b>altera_merlin_master_translator</b> "<b>submodules/altera_merlin_master_translator</b>"]]></message>
   <message level="Debug" culprit="mm_interconnect_0"><![CDATA["<b>mm_interconnect_0</b>" reuses <b>altera_merlin_slave_translator</b> "<b>submodules/altera_merlin_slave_translator</b>"]]></message>
   <message level="Info" culprit="mm_interconnect_0"><![CDATA["<b>video_ip_sim_qsys</b>" instantiated <b>altera_mm_interconnect</b> "<b>mm_interconnect_0</b>"]]></message>
   <message level="Debug" culprit="video_ip_sim_qsys">queue size: 1 starting:altera_merlin_master_translator "submodules/altera_merlin_master_translator"</message>
   <message level="Info" culprit="mm_master_bfm_0_m0_translator"><![CDATA["<b>mm_interconnect_0</b>" instantiated <b>altera_merlin_master_translator</b> "<b>mm_master_bfm_0_m0_translator</b>"]]></message>
   <message level="Debug" culprit="video_ip_sim_qsys">queue size: 0 starting:altera_merlin_slave_translator "submodules/altera_merlin_slave_translator"</message>
   <message level="Info" culprit="video_effects_0_avalon_slave_translator"><![CDATA["<b>mm_interconnect_0</b>" instantiated <b>altera_merlin_slave_translator</b> "<b>video_effects_0_avalon_slave_translator</b>"]]></message>
   <message level="Debug" culprit="video_ip_sim_qsys">queue size: 2 starting:altera_reset_controller "submodules/altera_reset_controller"</message>
   <message level="Info" culprit="rst_controller"><![CDATA["<b>video_ip_sim_qsys</b>" instantiated <b>altera_reset_controller</b> "<b>rst_controller</b>"]]></message>
  </messages>
 </entity>
 <entity
   path="submodules/"
   parameterizationKey="altera_avalon_mm_master_bfm:17.1:ADDRESS_UNITS=WORDS,ASSERT_HIGH_ARBITERLOCK=1,ASSERT_HIGH_BYTEENABLE=1,ASSERT_HIGH_LOCK=1,ASSERT_HIGH_READ=1,ASSERT_HIGH_READDATAVALID=1,ASSERT_HIGH_RESET=1,ASSERT_HIGH_WAITREQUEST=1,ASSERT_HIGH_WRITE=1,AV_ADDRESS_W=3,AV_ALWAYS_BURST_MAX_BURST=0,AV_BURSTCOUNT_W=1,AV_BURST_BNDR_ONLY=0,AV_BURST_LINEWRAP=0,AV_CONSTANT_BURST_BEHAVIOR=0,AV_FIX_READ_LATENCY=0,AV_MAX_PENDING_READS=0,AV_MAX_PENDING_WRITES=0,AV_NUMSYMBOLS=4,AV_READRESPONSE_W=8,AV_READ_WAIT_TIME=1,AV_REGISTERINCOMINGSIGNALS=0,AV_SYMBOL_W=8,AV_WRITERESPONSE_W=8,AV_WRITE_WAIT_TIME=0,REGISTER_WAITREQUEST=0,USE_ADDRESS=1,USE_ARBITERLOCK=0,USE_BEGIN_BURST_TRANSFER=0,USE_BEGIN_TRANSFER=0,USE_BURSTCOUNT=0,USE_BYTE_ENABLE=0,USE_CLKEN=0,USE_DEBUGACCESS=0,USE_LOCK=0,USE_READ=1,USE_READRESPONSE=0,USE_READ_DATA=1,USE_READ_DATA_VALID=0,USE_TRANSACTIONID=0,USE_WAIT_REQUEST=1,USE_WRITE=1,USE_WRITERESPONSE=0,USE_WRITE_DATA=1,VHDL_ID=0"
   instancePathKey="video_ip_sim_qsys:.:mm_master_bfm_0"
   kind="altera_avalon_mm_master_bfm"
   version="17.1"
   name="altera_avalon_mm_master_bfm">
  <generatedFiles>
   <file
       path="C:/Users/jdelpin/Documents/GitHub/proyecto_CHS/hardware/video_ip/video_ip_sim_qsys/synthesis/submodules/verbosity_pkg.sv"
       type="SYSTEM_VERILOG"
       attributes="" />
   <file
       path="C:/Users/jdelpin/Documents/GitHub/proyecto_CHS/hardware/video_ip/video_ip_sim_qsys/synthesis/submodules/avalon_mm_pkg.sv"
       type="SYSTEM_VERILOG"
       attributes="" />
   <file
       path="C:/Users/jdelpin/Documents/GitHub/proyecto_CHS/hardware/video_ip/video_ip_sim_qsys/synthesis/submodules/avalon_utilities_pkg.sv"
       type="SYSTEM_VERILOG"
       attributes="" />
   <file
       path="C:/Users/jdelpin/Documents/GitHub/proyecto_CHS/hardware/video_ip/video_ip_sim_qsys/synthesis/submodules/altera_avalon_mm_master_bfm.sv"
       type="SYSTEM_VERILOG"
       attributes="" />
  </generatedFiles>
  <childGeneratedFiles/>
  <sourceFiles>
   <file
       path="C:/intelfpga/17.1/ip/altera/sopc_builder_ip/verification/altera_avalon_mm_master_bfm/altera_avalon_mm_master_bfm_hw.tcl" />
  </sourceFiles>
  <childSourceFiles/>
  <instantiator instantiator="video_ip_sim_qsys" as="mm_master_bfm_0" />
  <messages>
   <message level="Debug" culprit="video_ip_sim_qsys">queue size: 5 starting:altera_avalon_mm_master_bfm "submodules/altera_avalon_mm_master_bfm"</message>
   <message level="Info" culprit="mm_master_bfm_0"><![CDATA["<b>video_ip_sim_qsys</b>" instantiated <b>altera_avalon_mm_master_bfm</b> "<b>mm_master_bfm_0</b>"]]></message>
  </messages>
 </entity>
 <entity
   path="submodules/"
   parameterizationKey="altera_avalon_st_sink_bfm:17.1:ST_BEATSPERCYCLE=1,ST_CHANNEL_W=1,ST_EMPTY_W=1,ST_ERROR_DESCRIPTOR=,ST_ERROR_W=1,ST_MAX_CHANNELS=0,ST_NUMSYMBOLS=1,ST_READY_LATENCY=0,ST_SYMBOL_W=16,USE_CHANNEL=0,USE_EMPTY=0,USE_ERROR=0,USE_PACKET=1,USE_READY=1,USE_VALID=1,VHDL_ID=0"
   instancePathKey="video_ip_sim_qsys:.:st_sink_bfm_0"
   kind="altera_avalon_st_sink_bfm"
   version="17.1"
   name="altera_avalon_st_sink_bfm">
  <generatedFiles>
   <file
       path="C:/Users/jdelpin/Documents/GitHub/proyecto_CHS/hardware/video_ip/video_ip_sim_qsys/synthesis/submodules/verbosity_pkg.sv"
       type="SYSTEM_VERILOG"
       attributes="" />
   <file
       path="C:/Users/jdelpin/Documents/GitHub/proyecto_CHS/hardware/video_ip/video_ip_sim_qsys/synthesis/submodules/avalon_utilities_pkg.sv"
       type="SYSTEM_VERILOG"
       attributes="" />
   <file
       path="C:/Users/jdelpin/Documents/GitHub/proyecto_CHS/hardware/video_ip/video_ip_sim_qsys/synthesis/submodules/altera_avalon_st_sink_bfm.sv"
       type="SYSTEM_VERILOG"
       attributes="" />
  </generatedFiles>
  <childGeneratedFiles/>
  <sourceFiles>
   <file
       path="C:/intelfpga/17.1/ip/altera/sopc_builder_ip/verification/altera_avalon_st_sink_bfm/altera_avalon_st_sink_bfm_hw.tcl" />
  </sourceFiles>
  <childSourceFiles/>
  <instantiator instantiator="video_ip_sim_qsys" as="st_sink_bfm_0" />
  <messages>
   <message level="Debug" culprit="video_ip_sim_qsys">queue size: 4 starting:altera_avalon_st_sink_bfm "submodules/altera_avalon_st_sink_bfm"</message>
   <message level="Info" culprit="st_sink_bfm_0"><![CDATA["<b>video_ip_sim_qsys</b>" instantiated <b>altera_avalon_st_sink_bfm</b> "<b>st_sink_bfm_0</b>"]]></message>
   <message level="Info"><![CDATA[Reusing file <b>C:/Users/jdelpin/Documents/GitHub/proyecto_CHS/hardware/video_ip/video_ip_sim_qsys/synthesis/submodules/verbosity_pkg.sv</b>]]></message>
   <message level="Info"><![CDATA[Reusing file <b>C:/Users/jdelpin/Documents/GitHub/proyecto_CHS/hardware/video_ip/video_ip_sim_qsys/synthesis/submodules/avalon_utilities_pkg.sv</b>]]></message>
  </messages>
 </entity>
 <entity
   path="submodules/"
   parameterizationKey="altera_avalon_st_source_bfm:17.1:ST_BEATSPERCYCLE=1,ST_CHANNEL_W=1,ST_EMPTY_W=1,ST_ERROR_DESCRIPTOR=,ST_ERROR_W=1,ST_MAX_CHANNELS=0,ST_NUMSYMBOLS=1,ST_READY_LATENCY=0,ST_SYMBOL_W=16,USE_CHANNEL=0,USE_EMPTY=0,USE_ERROR=0,USE_PACKET=1,USE_READY=1,USE_VALID=1,VHDL_ID=0"
   instancePathKey="video_ip_sim_qsys:.:st_source_bfm_0"
   kind="altera_avalon_st_source_bfm"
   version="17.1"
   name="altera_avalon_st_source_bfm">
  <generatedFiles>
   <file
       path="C:/Users/jdelpin/Documents/GitHub/proyecto_CHS/hardware/video_ip/video_ip_sim_qsys/synthesis/submodules/verbosity_pkg.sv"
       type="SYSTEM_VERILOG"
       attributes="" />
   <file
       path="C:/Users/jdelpin/Documents/GitHub/proyecto_CHS/hardware/video_ip/video_ip_sim_qsys/synthesis/submodules/avalon_utilities_pkg.sv"
       type="SYSTEM_VERILOG"
       attributes="" />
   <file
       path="C:/Users/jdelpin/Documents/GitHub/proyecto_CHS/hardware/video_ip/video_ip_sim_qsys/synthesis/submodules/altera_avalon_st_source_bfm.sv"
       type="SYSTEM_VERILOG"
       attributes="" />
  </generatedFiles>
  <childGeneratedFiles/>
  <sourceFiles>
   <file
       path="C:/intelfpga/17.1/ip/altera/sopc_builder_ip/verification/altera_avalon_st_source_bfm/altera_avalon_st_source_bfm_hw.tcl" />
  </sourceFiles>
  <childSourceFiles/>
  <instantiator instantiator="video_ip_sim_qsys" as="st_source_bfm_0" />
  <messages>
   <message level="Debug" culprit="video_ip_sim_qsys">queue size: 3 starting:altera_avalon_st_source_bfm "submodules/altera_avalon_st_source_bfm"</message>
   <message level="Info" culprit="st_source_bfm_0"><![CDATA["<b>video_ip_sim_qsys</b>" instantiated <b>altera_avalon_st_source_bfm</b> "<b>st_source_bfm_0</b>"]]></message>
   <message level="Info"><![CDATA[Reusing file <b>C:/Users/jdelpin/Documents/GitHub/proyecto_CHS/hardware/video_ip/video_ip_sim_qsys/synthesis/submodules/verbosity_pkg.sv</b>]]></message>
   <message level="Info"><![CDATA[Reusing file <b>C:/Users/jdelpin/Documents/GitHub/proyecto_CHS/hardware/video_ip/video_ip_sim_qsys/synthesis/submodules/avalon_utilities_pkg.sv</b>]]></message>
  </messages>
 </entity>
 <entity
   path="submodules/"
   parameterizationKey="video_effects:0:"
   instancePathKey="video_ip_sim_qsys:.:video_effects_0"
   kind="video_effects"
   version="0"
   name="video_ip">
  <generatedFiles>
   <file
       path="C:/Users/jdelpin/Documents/GitHub/proyecto_CHS/hardware/video_ip/video_ip_sim_qsys/synthesis/submodules/video_ip.v"
       type="VERILOG"
       attributes="TOP_LEVEL_FILE" />
   <file
       path="C:/Users/jdelpin/Documents/GitHub/proyecto_CHS/hardware/video_ip/video_ip_sim_qsys/synthesis/submodules/avalon_mm_slave_interface.v"
       type="VERILOG"
       attributes="" />
   <file
       path="C:/Users/jdelpin/Documents/GitHub/proyecto_CHS/hardware/video_ip/video_ip_sim_qsys/synthesis/submodules/avalon_st_sink_interface.v"
       type="VERILOG"
       attributes="" />
   <file
       path="C:/Users/jdelpin/Documents/GitHub/proyecto_CHS/hardware/video_ip/video_ip_sim_qsys/synthesis/submodules/avalon_st_source_interface.v"
       type="VERILOG"
       attributes="" />
   <file
       path="C:/Users/jdelpin/Documents/GitHub/proyecto_CHS/hardware/video_ip/video_ip_sim_qsys/synthesis/submodules/video_effects.v"
       type="VERILOG"
       attributes="" />
  </generatedFiles>
  <childGeneratedFiles/>
  <sourceFiles>
   <file
       path="C:/Users/jdelpin/Documents/GitHub/proyecto_CHS/hardware/video_ip/video_effects_hw.tcl" />
  </sourceFiles>
  <childSourceFiles/>
  <instantiator instantiator="video_ip_sim_qsys" as="video_effects_0" />
  <messages>
   <message level="Debug" culprit="video_ip_sim_qsys">queue size: 2 starting:video_effects "submodules/video_ip"</message>
   <message level="Info" culprit="video_effects_0"><![CDATA["<b>video_ip_sim_qsys</b>" instantiated <b>video_effects</b> "<b>video_effects_0</b>"]]></message>
  </messages>
 </entity>
 <entity
   path="submodules/"
   parameterizationKey="altera_mm_interconnect:17.1:AUTO_DEVICE=EP4CE115F29C7,AUTO_DEVICE_FAMILY=Cyclone IV E,AUTO_DEVICE_SPEEDGRADE=,COMPOSE_CONTENTS=add_instance {mm_master_bfm_0_m0_translator} {altera_merlin_master_translator};set_instance_parameter_value {mm_master_bfm_0_m0_translator} {AV_ADDRESS_W} {3};set_instance_parameter_value {mm_master_bfm_0_m0_translator} {AV_DATA_W} {32};set_instance_parameter_value {mm_master_bfm_0_m0_translator} {AV_BURSTCOUNT_W} {1};set_instance_parameter_value {mm_master_bfm_0_m0_translator} {AV_BYTEENABLE_W} {4};set_instance_parameter_value {mm_master_bfm_0_m0_translator} {UAV_ADDRESS_W} {5};set_instance_parameter_value {mm_master_bfm_0_m0_translator} {UAV_BURSTCOUNT_W} {3};set_instance_parameter_value {mm_master_bfm_0_m0_translator} {AV_READLATENCY} {0};set_instance_parameter_value {mm_master_bfm_0_m0_translator} {AV_WRITE_WAIT} {0};set_instance_parameter_value {mm_master_bfm_0_m0_translator} {AV_READ_WAIT} {1};set_instance_parameter_value {mm_master_bfm_0_m0_translator} {AV_DATA_HOLD} {0};set_instance_parameter_value {mm_master_bfm_0_m0_translator} {AV_SETUP_WAIT} {0};set_instance_parameter_value {mm_master_bfm_0_m0_translator} {USE_READDATA} {1};set_instance_parameter_value {mm_master_bfm_0_m0_translator} {USE_WRITEDATA} {1};set_instance_parameter_value {mm_master_bfm_0_m0_translator} {USE_READ} {1};set_instance_parameter_value {mm_master_bfm_0_m0_translator} {USE_WRITE} {1};set_instance_parameter_value {mm_master_bfm_0_m0_translator} {USE_BEGINBURSTTRANSFER} {0};set_instance_parameter_value {mm_master_bfm_0_m0_translator} {USE_BEGINTRANSFER} {0};set_instance_parameter_value {mm_master_bfm_0_m0_translator} {USE_BYTEENABLE} {0};set_instance_parameter_value {mm_master_bfm_0_m0_translator} {USE_CHIPSELECT} {0};set_instance_parameter_value {mm_master_bfm_0_m0_translator} {USE_ADDRESS} {1};set_instance_parameter_value {mm_master_bfm_0_m0_translator} {USE_BURSTCOUNT} {0};set_instance_parameter_value {mm_master_bfm_0_m0_translator} {USE_DEBUGACCESS} {0};set_instance_parameter_value {mm_master_bfm_0_m0_translator} {USE_CLKEN} {0};set_instance_parameter_value {mm_master_bfm_0_m0_translator} {USE_READDATAVALID} {0};set_instance_parameter_value {mm_master_bfm_0_m0_translator} {USE_WAITREQUEST} {1};set_instance_parameter_value {mm_master_bfm_0_m0_translator} {USE_LOCK} {0};set_instance_parameter_value {mm_master_bfm_0_m0_translator} {USE_READRESPONSE} {0};set_instance_parameter_value {mm_master_bfm_0_m0_translator} {USE_WRITERESPONSE} {0};set_instance_parameter_value {mm_master_bfm_0_m0_translator} {AV_SYMBOLS_PER_WORD} {4};set_instance_parameter_value {mm_master_bfm_0_m0_translator} {AV_ADDRESS_SYMBOLS} {0};set_instance_parameter_value {mm_master_bfm_0_m0_translator} {AV_BURSTCOUNT_SYMBOLS} {0};set_instance_parameter_value {mm_master_bfm_0_m0_translator} {AV_CONSTANT_BURST_BEHAVIOR} {0};set_instance_parameter_value {mm_master_bfm_0_m0_translator} {UAV_CONSTANT_BURST_BEHAVIOR} {0};set_instance_parameter_value {mm_master_bfm_0_m0_translator} {AV_LINEWRAPBURSTS} {0};set_instance_parameter_value {mm_master_bfm_0_m0_translator} {AV_MAX_PENDING_READ_TRANSACTIONS} {64};set_instance_parameter_value {mm_master_bfm_0_m0_translator} {AV_BURSTBOUNDARIES} {0};set_instance_parameter_value {mm_master_bfm_0_m0_translator} {AV_INTERLEAVEBURSTS} {0};set_instance_parameter_value {mm_master_bfm_0_m0_translator} {AV_BITS_PER_SYMBOL} {8};set_instance_parameter_value {mm_master_bfm_0_m0_translator} {AV_ISBIGENDIAN} {0};set_instance_parameter_value {mm_master_bfm_0_m0_translator} {AV_ADDRESSGROUP} {0};set_instance_parameter_value {mm_master_bfm_0_m0_translator} {UAV_ADDRESSGROUP} {0};set_instance_parameter_value {mm_master_bfm_0_m0_translator} {AV_REGISTEROUTGOINGSIGNALS} {0};set_instance_parameter_value {mm_master_bfm_0_m0_translator} {AV_REGISTERINCOMINGSIGNALS} {0};set_instance_parameter_value {mm_master_bfm_0_m0_translator} {AV_ALWAYSBURSTMAXBURST} {0};set_instance_parameter_value {mm_master_bfm_0_m0_translator} {SYNC_RESET} {0};add_instance {video_effects_0_avalon_slave_translator} {altera_merlin_slave_translator};set_instance_parameter_value {video_effects_0_avalon_slave_translator} {AV_ADDRESS_W} {3};set_instance_parameter_value {video_effects_0_avalon_slave_translator} {AV_DATA_W} {32};set_instance_parameter_value {video_effects_0_avalon_slave_translator} {UAV_DATA_W} {32};set_instance_parameter_value {video_effects_0_avalon_slave_translator} {AV_BURSTCOUNT_W} {1};set_instance_parameter_value {video_effects_0_avalon_slave_translator} {AV_BYTEENABLE_W} {4};set_instance_parameter_value {video_effects_0_avalon_slave_translator} {UAV_BYTEENABLE_W} {4};set_instance_parameter_value {video_effects_0_avalon_slave_translator} {UAV_ADDRESS_W} {5};set_instance_parameter_value {video_effects_0_avalon_slave_translator} {UAV_BURSTCOUNT_W} {3};set_instance_parameter_value {video_effects_0_avalon_slave_translator} {AV_READLATENCY} {0};set_instance_parameter_value {video_effects_0_avalon_slave_translator} {AV_SETUP_WAIT} {0};set_instance_parameter_value {video_effects_0_avalon_slave_translator} {AV_WRITE_WAIT} {0};set_instance_parameter_value {video_effects_0_avalon_slave_translator} {AV_READ_WAIT} {1};set_instance_parameter_value {video_effects_0_avalon_slave_translator} {AV_DATA_HOLD} {0};set_instance_parameter_value {video_effects_0_avalon_slave_translator} {AV_TIMING_UNITS} {1};set_instance_parameter_value {video_effects_0_avalon_slave_translator} {USE_READDATA} {1};set_instance_parameter_value {video_effects_0_avalon_slave_translator} {USE_WRITEDATA} {1};set_instance_parameter_value {video_effects_0_avalon_slave_translator} {USE_READ} {1};set_instance_parameter_value {video_effects_0_avalon_slave_translator} {USE_WRITE} {1};set_instance_parameter_value {video_effects_0_avalon_slave_translator} {USE_BEGINBURSTTRANSFER} {0};set_instance_parameter_value {video_effects_0_avalon_slave_translator} {USE_BEGINTRANSFER} {0};set_instance_parameter_value {video_effects_0_avalon_slave_translator} {USE_BYTEENABLE} {0};set_instance_parameter_value {video_effects_0_avalon_slave_translator} {USE_CHIPSELECT} {1};set_instance_parameter_value {video_effects_0_avalon_slave_translator} {USE_ADDRESS} {1};set_instance_parameter_value {video_effects_0_avalon_slave_translator} {USE_BURSTCOUNT} {0};set_instance_parameter_value {video_effects_0_avalon_slave_translator} {USE_READDATAVALID} {0};set_instance_parameter_value {video_effects_0_avalon_slave_translator} {USE_WAITREQUEST} {0};set_instance_parameter_value {video_effects_0_avalon_slave_translator} {USE_WRITEBYTEENABLE} {0};set_instance_parameter_value {video_effects_0_avalon_slave_translator} {USE_LOCK} {0};set_instance_parameter_value {video_effects_0_avalon_slave_translator} {USE_AV_CLKEN} {0};set_instance_parameter_value {video_effects_0_avalon_slave_translator} {USE_UAV_CLKEN} {0};set_instance_parameter_value {video_effects_0_avalon_slave_translator} {USE_OUTPUTENABLE} {0};set_instance_parameter_value {video_effects_0_avalon_slave_translator} {USE_DEBUGACCESS} {0};set_instance_parameter_value {video_effects_0_avalon_slave_translator} {USE_READRESPONSE} {0};set_instance_parameter_value {video_effects_0_avalon_slave_translator} {USE_WRITERESPONSE} {0};set_instance_parameter_value {video_effects_0_avalon_slave_translator} {AV_SYMBOLS_PER_WORD} {4};set_instance_parameter_value {video_effects_0_avalon_slave_translator} {AV_ADDRESS_SYMBOLS} {0};set_instance_parameter_value {video_effects_0_avalon_slave_translator} {AV_BURSTCOUNT_SYMBOLS} {0};set_instance_parameter_value {video_effects_0_avalon_slave_translator} {AV_CONSTANT_BURST_BEHAVIOR} {0};set_instance_parameter_value {video_effects_0_avalon_slave_translator} {UAV_CONSTANT_BURST_BEHAVIOR} {0};set_instance_parameter_value {video_effects_0_avalon_slave_translator} {AV_REQUIRE_UNALIGNED_ADDRESSES} {0};set_instance_parameter_value {video_effects_0_avalon_slave_translator} {AV_LINEWRAPBURSTS} {0};set_instance_parameter_value {video_effects_0_avalon_slave_translator} {AV_MAX_PENDING_READ_TRANSACTIONS} {1};set_instance_parameter_value {video_effects_0_avalon_slave_translator} {AV_MAX_PENDING_WRITE_TRANSACTIONS} {0};set_instance_parameter_value {video_effects_0_avalon_slave_translator} {AV_BURSTBOUNDARIES} {0};set_instance_parameter_value {video_effects_0_avalon_slave_translator} {AV_INTERLEAVEBURSTS} {0};set_instance_parameter_value {video_effects_0_avalon_slave_translator} {AV_BITS_PER_SYMBOL} {8};set_instance_parameter_value {video_effects_0_avalon_slave_translator} {AV_ISBIGENDIAN} {0};set_instance_parameter_value {video_effects_0_avalon_slave_translator} {AV_ADDRESSGROUP} {0};set_instance_parameter_value {video_effects_0_avalon_slave_translator} {UAV_ADDRESSGROUP} {0};set_instance_parameter_value {video_effects_0_avalon_slave_translator} {AV_REGISTEROUTGOINGSIGNALS} {0};set_instance_parameter_value {video_effects_0_avalon_slave_translator} {AV_REGISTERINCOMINGSIGNALS} {0};set_instance_parameter_value {video_effects_0_avalon_slave_translator} {AV_ALWAYSBURSTMAXBURST} {0};set_instance_parameter_value {video_effects_0_avalon_slave_translator} {CHIPSELECT_THROUGH_READLATENCY} {0};add_instance {mm_master_bfm_0_clk_reset_reset_bridge} {altera_reset_bridge};set_instance_parameter_value {mm_master_bfm_0_clk_reset_reset_bridge} {ACTIVE_LOW_RESET} {0};set_instance_parameter_value {mm_master_bfm_0_clk_reset_reset_bridge} {SYNCHRONOUS_EDGES} {deassert};set_instance_parameter_value {mm_master_bfm_0_clk_reset_reset_bridge} {NUM_RESET_OUTPUTS} {1};set_instance_parameter_value {mm_master_bfm_0_clk_reset_reset_bridge} {USE_RESET_REQUEST} {0};add_instance {clk_0_clk_clock_bridge} {altera_clock_bridge};set_instance_parameter_value {clk_0_clk_clock_bridge} {EXPLICIT_CLOCK_RATE} {50000000};set_instance_parameter_value {clk_0_clk_clock_bridge} {NUM_CLOCK_OUTPUTS} {1};add_connection {mm_master_bfm_0_m0_translator.avalon_universal_master_0} {video_effects_0_avalon_slave_translator.avalon_universal_slave_0} {avalon};set_connection_parameter_value {mm_master_bfm_0_m0_translator.avalon_universal_master_0/video_effects_0_avalon_slave_translator.avalon_universal_slave_0} {arbitrationPriority} {1};set_connection_parameter_value {mm_master_bfm_0_m0_translator.avalon_universal_master_0/video_effects_0_avalon_slave_translator.avalon_universal_slave_0} {baseAddress} {0x0000};set_connection_parameter_value {mm_master_bfm_0_m0_translator.avalon_universal_master_0/video_effects_0_avalon_slave_translator.avalon_universal_slave_0} {defaultConnection} {false};add_connection {mm_master_bfm_0_clk_reset_reset_bridge.out_reset} {mm_master_bfm_0_m0_translator.reset} {reset};add_connection {mm_master_bfm_0_clk_reset_reset_bridge.out_reset} {video_effects_0_avalon_slave_translator.reset} {reset};add_connection {clk_0_clk_clock_bridge.out_clk} {mm_master_bfm_0_m0_translator.clk} {clock};add_connection {clk_0_clk_clock_bridge.out_clk} {video_effects_0_avalon_slave_translator.clk} {clock};add_connection {clk_0_clk_clock_bridge.out_clk} {mm_master_bfm_0_clk_reset_reset_bridge.clk} {clock};add_interface {clk_0_clk} {clock} {slave};set_interface_property {clk_0_clk} {EXPORT_OF} {clk_0_clk_clock_bridge.in_clk};add_interface {mm_master_bfm_0_clk_reset_reset_bridge_in_reset} {reset} {slave};set_interface_property {mm_master_bfm_0_clk_reset_reset_bridge_in_reset} {EXPORT_OF} {mm_master_bfm_0_clk_reset_reset_bridge.in_reset};add_interface {mm_master_bfm_0_m0} {avalon} {slave};set_interface_property {mm_master_bfm_0_m0} {EXPORT_OF} {mm_master_bfm_0_m0_translator.avalon_anti_master_0};add_interface {video_effects_0_avalon_slave} {avalon} {master};set_interface_property {video_effects_0_avalon_slave} {EXPORT_OF} {video_effects_0_avalon_slave_translator.avalon_anti_slave_0};set_module_assignment {interconnect_id.mm_master_bfm_0.m0} {0};set_module_assignment {interconnect_id.video_effects_0.avalon_slave} {0};(altera_merlin_master_translator:17.1:AV_ADDRESSGROUP=0,AV_ADDRESS_SYMBOLS=0,AV_ADDRESS_W=3,AV_ALWAYSBURSTMAXBURST=0,AV_BITS_PER_SYMBOL=8,AV_BURSTBOUNDARIES=0,AV_BURSTCOUNT_SYMBOLS=0,AV_BURSTCOUNT_W=1,AV_BYTEENABLE_W=4,AV_CONSTANT_BURST_BEHAVIOR=0,AV_DATA_HOLD=0,AV_DATA_W=32,AV_INTERLEAVEBURSTS=0,AV_ISBIGENDIAN=0,AV_LINEWRAPBURSTS=0,AV_MAX_PENDING_READ_TRANSACTIONS=64,AV_READLATENCY=0,AV_READ_WAIT=1,AV_REGISTERINCOMINGSIGNALS=0,AV_REGISTEROUTGOINGSIGNALS=0,AV_SETUP_WAIT=0,AV_SYMBOLS_PER_WORD=4,AV_WRITE_WAIT=0,SYNC_RESET=0,UAV_ADDRESSGROUP=0,UAV_ADDRESS_W=5,UAV_BURSTCOUNT_W=3,UAV_CONSTANT_BURST_BEHAVIOR=0,USE_ADDRESS=1,USE_BEGINBURSTTRANSFER=0,USE_BEGINTRANSFER=0,USE_BURSTCOUNT=0,USE_BYTEENABLE=0,USE_CHIPSELECT=0,USE_CLKEN=0,USE_DEBUGACCESS=0,USE_LOCK=0,USE_READ=1,USE_READDATA=1,USE_READDATAVALID=0,USE_READRESPONSE=0,USE_WAITREQUEST=1,USE_WRITE=1,USE_WRITEDATA=1,USE_WRITERESPONSE=0)(altera_merlin_slave_translator:17.1:AV_ADDRESSGROUP=0,AV_ADDRESS_SYMBOLS=0,AV_ADDRESS_W=3,AV_ALWAYSBURSTMAXBURST=0,AV_BITS_PER_SYMBOL=8,AV_BURSTBOUNDARIES=0,AV_BURSTCOUNT_SYMBOLS=0,AV_BURSTCOUNT_W=1,AV_BYTEENABLE_W=4,AV_CONSTANT_BURST_BEHAVIOR=0,AV_DATA_HOLD=0,AV_DATA_HOLD_CYCLES=0,AV_DATA_W=32,AV_INTERLEAVEBURSTS=0,AV_ISBIGENDIAN=0,AV_LINEWRAPBURSTS=0,AV_MAX_PENDING_READ_TRANSACTIONS=1,AV_MAX_PENDING_WRITE_TRANSACTIONS=0,AV_READLATENCY=0,AV_READ_WAIT=1,AV_READ_WAIT_CYCLES=1,AV_REGISTERINCOMINGSIGNALS=0,AV_REGISTEROUTGOINGSIGNALS=0,AV_REQUIRE_UNALIGNED_ADDRESSES=0,AV_SETUP_WAIT=0,AV_SETUP_WAIT_CYCLES=0,AV_SYMBOLS_PER_WORD=4,AV_TIMING_UNITS=1,AV_WRITE_WAIT=0,AV_WRITE_WAIT_CYCLES=0,CHIPSELECT_THROUGH_READLATENCY=0,CLOCK_RATE=50000000,UAV_ADDRESSGROUP=0,UAV_ADDRESS_W=5,UAV_BURSTCOUNT_W=3,UAV_BYTEENABLE_W=4,UAV_CONSTANT_BURST_BEHAVIOR=0,UAV_DATA_W=32,USE_ADDRESS=1,USE_AV_CLKEN=0,USE_BEGINBURSTTRANSFER=0,USE_BEGINTRANSFER=0,USE_BURSTCOUNT=0,USE_BYTEENABLE=0,USE_CHIPSELECT=1,USE_DEBUGACCESS=0,USE_LOCK=0,USE_OUTPUTENABLE=0,USE_READ=1,USE_READDATA=1,USE_READDATAVALID=0,USE_READRESPONSE=0,USE_UAV_CLKEN=0,USE_WAITREQUEST=0,USE_WRITE=1,USE_WRITEBYTEENABLE=0,USE_WRITEDATA=1,USE_WRITERESPONSE=0)(altera_reset_bridge:17.1:ACTIVE_LOW_RESET=0,AUTO_CLK_CLOCK_RATE=50000000,NUM_RESET_OUTPUTS=1,SYNCHRONOUS_EDGES=deassert,USE_RESET_REQUEST=0)(altera_clock_bridge:17.1:DERIVED_CLOCK_RATE=0,EXPLICIT_CLOCK_RATE=50000000,NUM_CLOCK_OUTPUTS=1)(avalon:17.1:arbitrationPriority=1,baseAddress=0x0000,defaultConnection=false)(reset:17.1:)(reset:17.1:)(clock:17.1:)(clock:17.1:)(clock:17.1:)"
   instancePathKey="video_ip_sim_qsys:.:mm_interconnect_0"
   kind="altera_mm_interconnect"
   version="17.1"
   name="video_ip_sim_qsys_mm_interconnect_0">
  <parameter name="AUTO_DEVICE" value="EP4CE115F29C7" />
  <parameter name="AUTO_DEVICE_FAMILY" value="Cyclone IV E" />
  <parameter name="AUTO_DEVICE_SPEEDGRADE" value="" />
  <parameter
     name="COMPOSE_CONTENTS"
     value="add_instance {mm_master_bfm_0_m0_translator} {altera_merlin_master_translator};set_instance_parameter_value {mm_master_bfm_0_m0_translator} {AV_ADDRESS_W} {3};set_instance_parameter_value {mm_master_bfm_0_m0_translator} {AV_DATA_W} {32};set_instance_parameter_value {mm_master_bfm_0_m0_translator} {AV_BURSTCOUNT_W} {1};set_instance_parameter_value {mm_master_bfm_0_m0_translator} {AV_BYTEENABLE_W} {4};set_instance_parameter_value {mm_master_bfm_0_m0_translator} {UAV_ADDRESS_W} {5};set_instance_parameter_value {mm_master_bfm_0_m0_translator} {UAV_BURSTCOUNT_W} {3};set_instance_parameter_value {mm_master_bfm_0_m0_translator} {AV_READLATENCY} {0};set_instance_parameter_value {mm_master_bfm_0_m0_translator} {AV_WRITE_WAIT} {0};set_instance_parameter_value {mm_master_bfm_0_m0_translator} {AV_READ_WAIT} {1};set_instance_parameter_value {mm_master_bfm_0_m0_translator} {AV_DATA_HOLD} {0};set_instance_parameter_value {mm_master_bfm_0_m0_translator} {AV_SETUP_WAIT} {0};set_instance_parameter_value {mm_master_bfm_0_m0_translator} {USE_READDATA} {1};set_instance_parameter_value {mm_master_bfm_0_m0_translator} {USE_WRITEDATA} {1};set_instance_parameter_value {mm_master_bfm_0_m0_translator} {USE_READ} {1};set_instance_parameter_value {mm_master_bfm_0_m0_translator} {USE_WRITE} {1};set_instance_parameter_value {mm_master_bfm_0_m0_translator} {USE_BEGINBURSTTRANSFER} {0};set_instance_parameter_value {mm_master_bfm_0_m0_translator} {USE_BEGINTRANSFER} {0};set_instance_parameter_value {mm_master_bfm_0_m0_translator} {USE_BYTEENABLE} {0};set_instance_parameter_value {mm_master_bfm_0_m0_translator} {USE_CHIPSELECT} {0};set_instance_parameter_value {mm_master_bfm_0_m0_translator} {USE_ADDRESS} {1};set_instance_parameter_value {mm_master_bfm_0_m0_translator} {USE_BURSTCOUNT} {0};set_instance_parameter_value {mm_master_bfm_0_m0_translator} {USE_DEBUGACCESS} {0};set_instance_parameter_value {mm_master_bfm_0_m0_translator} {USE_CLKEN} {0};set_instance_parameter_value {mm_master_bfm_0_m0_translator} {USE_READDATAVALID} {0};set_instance_parameter_value {mm_master_bfm_0_m0_translator} {USE_WAITREQUEST} {1};set_instance_parameter_value {mm_master_bfm_0_m0_translator} {USE_LOCK} {0};set_instance_parameter_value {mm_master_bfm_0_m0_translator} {USE_READRESPONSE} {0};set_instance_parameter_value {mm_master_bfm_0_m0_translator} {USE_WRITERESPONSE} {0};set_instance_parameter_value {mm_master_bfm_0_m0_translator} {AV_SYMBOLS_PER_WORD} {4};set_instance_parameter_value {mm_master_bfm_0_m0_translator} {AV_ADDRESS_SYMBOLS} {0};set_instance_parameter_value {mm_master_bfm_0_m0_translator} {AV_BURSTCOUNT_SYMBOLS} {0};set_instance_parameter_value {mm_master_bfm_0_m0_translator} {AV_CONSTANT_BURST_BEHAVIOR} {0};set_instance_parameter_value {mm_master_bfm_0_m0_translator} {UAV_CONSTANT_BURST_BEHAVIOR} {0};set_instance_parameter_value {mm_master_bfm_0_m0_translator} {AV_LINEWRAPBURSTS} {0};set_instance_parameter_value {mm_master_bfm_0_m0_translator} {AV_MAX_PENDING_READ_TRANSACTIONS} {64};set_instance_parameter_value {mm_master_bfm_0_m0_translator} {AV_BURSTBOUNDARIES} {0};set_instance_parameter_value {mm_master_bfm_0_m0_translator} {AV_INTERLEAVEBURSTS} {0};set_instance_parameter_value {mm_master_bfm_0_m0_translator} {AV_BITS_PER_SYMBOL} {8};set_instance_parameter_value {mm_master_bfm_0_m0_translator} {AV_ISBIGENDIAN} {0};set_instance_parameter_value {mm_master_bfm_0_m0_translator} {AV_ADDRESSGROUP} {0};set_instance_parameter_value {mm_master_bfm_0_m0_translator} {UAV_ADDRESSGROUP} {0};set_instance_parameter_value {mm_master_bfm_0_m0_translator} {AV_REGISTEROUTGOINGSIGNALS} {0};set_instance_parameter_value {mm_master_bfm_0_m0_translator} {AV_REGISTERINCOMINGSIGNALS} {0};set_instance_parameter_value {mm_master_bfm_0_m0_translator} {AV_ALWAYSBURSTMAXBURST} {0};set_instance_parameter_value {mm_master_bfm_0_m0_translator} {SYNC_RESET} {0};add_instance {video_effects_0_avalon_slave_translator} {altera_merlin_slave_translator};set_instance_parameter_value {video_effects_0_avalon_slave_translator} {AV_ADDRESS_W} {3};set_instance_parameter_value {video_effects_0_avalon_slave_translator} {AV_DATA_W} {32};set_instance_parameter_value {video_effects_0_avalon_slave_translator} {UAV_DATA_W} {32};set_instance_parameter_value {video_effects_0_avalon_slave_translator} {AV_BURSTCOUNT_W} {1};set_instance_parameter_value {video_effects_0_avalon_slave_translator} {AV_BYTEENABLE_W} {4};set_instance_parameter_value {video_effects_0_avalon_slave_translator} {UAV_BYTEENABLE_W} {4};set_instance_parameter_value {video_effects_0_avalon_slave_translator} {UAV_ADDRESS_W} {5};set_instance_parameter_value {video_effects_0_avalon_slave_translator} {UAV_BURSTCOUNT_W} {3};set_instance_parameter_value {video_effects_0_avalon_slave_translator} {AV_READLATENCY} {0};set_instance_parameter_value {video_effects_0_avalon_slave_translator} {AV_SETUP_WAIT} {0};set_instance_parameter_value {video_effects_0_avalon_slave_translator} {AV_WRITE_WAIT} {0};set_instance_parameter_value {video_effects_0_avalon_slave_translator} {AV_READ_WAIT} {1};set_instance_parameter_value {video_effects_0_avalon_slave_translator} {AV_DATA_HOLD} {0};set_instance_parameter_value {video_effects_0_avalon_slave_translator} {AV_TIMING_UNITS} {1};set_instance_parameter_value {video_effects_0_avalon_slave_translator} {USE_READDATA} {1};set_instance_parameter_value {video_effects_0_avalon_slave_translator} {USE_WRITEDATA} {1};set_instance_parameter_value {video_effects_0_avalon_slave_translator} {USE_READ} {1};set_instance_parameter_value {video_effects_0_avalon_slave_translator} {USE_WRITE} {1};set_instance_parameter_value {video_effects_0_avalon_slave_translator} {USE_BEGINBURSTTRANSFER} {0};set_instance_parameter_value {video_effects_0_avalon_slave_translator} {USE_BEGINTRANSFER} {0};set_instance_parameter_value {video_effects_0_avalon_slave_translator} {USE_BYTEENABLE} {0};set_instance_parameter_value {video_effects_0_avalon_slave_translator} {USE_CHIPSELECT} {1};set_instance_parameter_value {video_effects_0_avalon_slave_translator} {USE_ADDRESS} {1};set_instance_parameter_value {video_effects_0_avalon_slave_translator} {USE_BURSTCOUNT} {0};set_instance_parameter_value {video_effects_0_avalon_slave_translator} {USE_READDATAVALID} {0};set_instance_parameter_value {video_effects_0_avalon_slave_translator} {USE_WAITREQUEST} {0};set_instance_parameter_value {video_effects_0_avalon_slave_translator} {USE_WRITEBYTEENABLE} {0};set_instance_parameter_value {video_effects_0_avalon_slave_translator} {USE_LOCK} {0};set_instance_parameter_value {video_effects_0_avalon_slave_translator} {USE_AV_CLKEN} {0};set_instance_parameter_value {video_effects_0_avalon_slave_translator} {USE_UAV_CLKEN} {0};set_instance_parameter_value {video_effects_0_avalon_slave_translator} {USE_OUTPUTENABLE} {0};set_instance_parameter_value {video_effects_0_avalon_slave_translator} {USE_DEBUGACCESS} {0};set_instance_parameter_value {video_effects_0_avalon_slave_translator} {USE_READRESPONSE} {0};set_instance_parameter_value {video_effects_0_avalon_slave_translator} {USE_WRITERESPONSE} {0};set_instance_parameter_value {video_effects_0_avalon_slave_translator} {AV_SYMBOLS_PER_WORD} {4};set_instance_parameter_value {video_effects_0_avalon_slave_translator} {AV_ADDRESS_SYMBOLS} {0};set_instance_parameter_value {video_effects_0_avalon_slave_translator} {AV_BURSTCOUNT_SYMBOLS} {0};set_instance_parameter_value {video_effects_0_avalon_slave_translator} {AV_CONSTANT_BURST_BEHAVIOR} {0};set_instance_parameter_value {video_effects_0_avalon_slave_translator} {UAV_CONSTANT_BURST_BEHAVIOR} {0};set_instance_parameter_value {video_effects_0_avalon_slave_translator} {AV_REQUIRE_UNALIGNED_ADDRESSES} {0};set_instance_parameter_value {video_effects_0_avalon_slave_translator} {AV_LINEWRAPBURSTS} {0};set_instance_parameter_value {video_effects_0_avalon_slave_translator} {AV_MAX_PENDING_READ_TRANSACTIONS} {1};set_instance_parameter_value {video_effects_0_avalon_slave_translator} {AV_MAX_PENDING_WRITE_TRANSACTIONS} {0};set_instance_parameter_value {video_effects_0_avalon_slave_translator} {AV_BURSTBOUNDARIES} {0};set_instance_parameter_value {video_effects_0_avalon_slave_translator} {AV_INTERLEAVEBURSTS} {0};set_instance_parameter_value {video_effects_0_avalon_slave_translator} {AV_BITS_PER_SYMBOL} {8};set_instance_parameter_value {video_effects_0_avalon_slave_translator} {AV_ISBIGENDIAN} {0};set_instance_parameter_value {video_effects_0_avalon_slave_translator} {AV_ADDRESSGROUP} {0};set_instance_parameter_value {video_effects_0_avalon_slave_translator} {UAV_ADDRESSGROUP} {0};set_instance_parameter_value {video_effects_0_avalon_slave_translator} {AV_REGISTEROUTGOINGSIGNALS} {0};set_instance_parameter_value {video_effects_0_avalon_slave_translator} {AV_REGISTERINCOMINGSIGNALS} {0};set_instance_parameter_value {video_effects_0_avalon_slave_translator} {AV_ALWAYSBURSTMAXBURST} {0};set_instance_parameter_value {video_effects_0_avalon_slave_translator} {CHIPSELECT_THROUGH_READLATENCY} {0};add_instance {mm_master_bfm_0_clk_reset_reset_bridge} {altera_reset_bridge};set_instance_parameter_value {mm_master_bfm_0_clk_reset_reset_bridge} {ACTIVE_LOW_RESET} {0};set_instance_parameter_value {mm_master_bfm_0_clk_reset_reset_bridge} {SYNCHRONOUS_EDGES} {deassert};set_instance_parameter_value {mm_master_bfm_0_clk_reset_reset_bridge} {NUM_RESET_OUTPUTS} {1};set_instance_parameter_value {mm_master_bfm_0_clk_reset_reset_bridge} {USE_RESET_REQUEST} {0};add_instance {clk_0_clk_clock_bridge} {altera_clock_bridge};set_instance_parameter_value {clk_0_clk_clock_bridge} {EXPLICIT_CLOCK_RATE} {50000000};set_instance_parameter_value {clk_0_clk_clock_bridge} {NUM_CLOCK_OUTPUTS} {1};add_connection {mm_master_bfm_0_m0_translator.avalon_universal_master_0} {video_effects_0_avalon_slave_translator.avalon_universal_slave_0} {avalon};set_connection_parameter_value {mm_master_bfm_0_m0_translator.avalon_universal_master_0/video_effects_0_avalon_slave_translator.avalon_universal_slave_0} {arbitrationPriority} {1};set_connection_parameter_value {mm_master_bfm_0_m0_translator.avalon_universal_master_0/video_effects_0_avalon_slave_translator.avalon_universal_slave_0} {baseAddress} {0x0000};set_connection_parameter_value {mm_master_bfm_0_m0_translator.avalon_universal_master_0/video_effects_0_avalon_slave_translator.avalon_universal_slave_0} {defaultConnection} {false};add_connection {mm_master_bfm_0_clk_reset_reset_bridge.out_reset} {mm_master_bfm_0_m0_translator.reset} {reset};add_connection {mm_master_bfm_0_clk_reset_reset_bridge.out_reset} {video_effects_0_avalon_slave_translator.reset} {reset};add_connection {clk_0_clk_clock_bridge.out_clk} {mm_master_bfm_0_m0_translator.clk} {clock};add_connection {clk_0_clk_clock_bridge.out_clk} {video_effects_0_avalon_slave_translator.clk} {clock};add_connection {clk_0_clk_clock_bridge.out_clk} {mm_master_bfm_0_clk_reset_reset_bridge.clk} {clock};add_interface {clk_0_clk} {clock} {slave};set_interface_property {clk_0_clk} {EXPORT_OF} {clk_0_clk_clock_bridge.in_clk};add_interface {mm_master_bfm_0_clk_reset_reset_bridge_in_reset} {reset} {slave};set_interface_property {mm_master_bfm_0_clk_reset_reset_bridge_in_reset} {EXPORT_OF} {mm_master_bfm_0_clk_reset_reset_bridge.in_reset};add_interface {mm_master_bfm_0_m0} {avalon} {slave};set_interface_property {mm_master_bfm_0_m0} {EXPORT_OF} {mm_master_bfm_0_m0_translator.avalon_anti_master_0};add_interface {video_effects_0_avalon_slave} {avalon} {master};set_interface_property {video_effects_0_avalon_slave} {EXPORT_OF} {video_effects_0_avalon_slave_translator.avalon_anti_slave_0};set_module_assignment {interconnect_id.mm_master_bfm_0.m0} {0};set_module_assignment {interconnect_id.video_effects_0.avalon_slave} {0};" />
  <generatedFiles>
   <file
       path="C:/Users/jdelpin/Documents/GitHub/proyecto_CHS/hardware/video_ip/video_ip_sim_qsys/synthesis/submodules/video_ip_sim_qsys_mm_interconnect_0.v"
       type="VERILOG" />
  </generatedFiles>
  <childGeneratedFiles>
   <file
       path="C:/Users/jdelpin/Documents/GitHub/proyecto_CHS/hardware/video_ip/video_ip_sim_qsys/synthesis/submodules/altera_merlin_master_translator.sv"
       type="SYSTEM_VERILOG"
       attributes="" />
   <file
       path="C:/Users/jdelpin/Documents/GitHub/proyecto_CHS/hardware/video_ip/video_ip_sim_qsys/synthesis/submodules/altera_merlin_slave_translator.sv"
       type="SYSTEM_VERILOG"
       attributes="" />
  </childGeneratedFiles>
  <sourceFiles>
   <file
       path="C:/intelfpga/17.1/ip/altera/merlin/altera_mm_interconnect/altera_mm_interconnect_hw.tcl" />
  </sourceFiles>
  <childSourceFiles>
   <file
       path="C:/intelfpga/17.1/ip/altera/merlin/altera_merlin_master_translator/altera_merlin_master_translator_hw.tcl" />
   <file
       path="C:/intelfpga/17.1/ip/altera/merlin/altera_merlin_slave_translator/altera_merlin_slave_translator_hw.tcl" />
  </childSourceFiles>
  <instantiator instantiator="video_ip_sim_qsys" as="mm_interconnect_0" />
  <messages>
   <message level="Debug" culprit="video_ip_sim_qsys">queue size: 1 starting:altera_mm_interconnect "submodules/video_ip_sim_qsys_mm_interconnect_0"</message>
   <message level="Progress" culprit="min"></message>
   <message level="Progress" culprit="max"></message>
   <message level="Progress" culprit="current"></message>
   <message level="Debug">Transform: CustomInstructionTransform</message>
   <message level="Debug">No custom instruction connections, skipping transform </message>
   <message level="Debug" culprit="merlin_custom_instruction_transform"><![CDATA[After transform: <b>4</b> modules, <b>6</b> connections]]></message>
   <message level="Debug">Transform: MMTransform</message>
   <message level="Debug">Transform: InitialInterconnectTransform</message>
   <message level="Debug" culprit="merlin_initial_interconnect_transform"><![CDATA[After transform: <b>0</b> modules, <b>0</b> connections]]></message>
   <message level="Debug">Transform: TerminalIdAssignmentUpdateTransform</message>
   <message level="Debug">Transform: DefaultSlaveTransform</message>
   <message level="Debug">Transform: TranslatorTransform</message>
   <message level="Debug">No Avalon connections, skipping transform </message>
   <message level="Debug">Transform: IDPadTransform</message>
   <message level="Debug">Transform: DomainTransform</message>
   <message level="Debug">Transform: RouterTransform</message>
   <message level="Debug">Transform: TrafficLimiterTransform</message>
   <message level="Debug">Transform: BurstTransform</message>
   <message level="Debug">Transform: TreeTransform</message>
   <message level="Debug">Transform: NetworkToSwitchTransform</message>
   <message level="Debug">Transform: WidthTransform</message>
   <message level="Debug">Transform: RouterTableTransform</message>
   <message level="Debug">Transform: ThreadIDMappingTableTransform</message>
   <message level="Debug">Transform: ClockCrossingTransform</message>
   <message level="Debug">Transform: PipelineTransform</message>
   <message level="Debug">Transform: SpotPipelineTransform</message>
   <message level="Debug">Transform: PerformanceMonitorTransform</message>
   <message level="Debug">Transform: TrafficLimiterUpdateTransform</message>
   <message level="Debug">Transform: InsertClockAndResetBridgesTransform</message>
   <message level="Debug">Transform: InterconnectConnectionsTagger</message>
   <message level="Debug">Transform: HierarchyTransform</message>
   <message level="Debug" culprit="merlin_hierarchy_transform"><![CDATA[After transform: <b>4</b> modules, <b>6</b> connections]]></message>
   <message level="Debug">Transform: InterruptMapperTransform</message>
   <message level="Debug">Transform: InterruptSyncTransform</message>
   <message level="Debug">Transform: InterruptFanoutTransform</message>
   <message level="Debug">Transform: AvalonStreamingTransform</message>
   <message level="Debug">Transform: ResetAdaptation</message>
   <message level="Debug" culprit="mm_interconnect_0"><![CDATA["<b>mm_interconnect_0</b>" reuses <b>altera_merlin_master_translator</b> "<b>submodules/altera_merlin_master_translator</b>"]]></message>
   <message level="Debug" culprit="mm_interconnect_0"><![CDATA["<b>mm_interconnect_0</b>" reuses <b>altera_merlin_slave_translator</b> "<b>submodules/altera_merlin_slave_translator</b>"]]></message>
   <message level="Info" culprit="mm_interconnect_0"><![CDATA["<b>video_ip_sim_qsys</b>" instantiated <b>altera_mm_interconnect</b> "<b>mm_interconnect_0</b>"]]></message>
   <message level="Debug" culprit="video_ip_sim_qsys">queue size: 1 starting:altera_merlin_master_translator "submodules/altera_merlin_master_translator"</message>
   <message level="Info" culprit="mm_master_bfm_0_m0_translator"><![CDATA["<b>mm_interconnect_0</b>" instantiated <b>altera_merlin_master_translator</b> "<b>mm_master_bfm_0_m0_translator</b>"]]></message>
   <message level="Debug" culprit="video_ip_sim_qsys">queue size: 0 starting:altera_merlin_slave_translator "submodules/altera_merlin_slave_translator"</message>
   <message level="Info" culprit="video_effects_0_avalon_slave_translator"><![CDATA["<b>mm_interconnect_0</b>" instantiated <b>altera_merlin_slave_translator</b> "<b>video_effects_0_avalon_slave_translator</b>"]]></message>
  </messages>
 </entity>
 <entity
   path="submodules/"
   parameterizationKey="altera_reset_controller:17.1:ADAPT_RESET_REQUEST=0,MIN_RST_ASSERTION_TIME=3,NUM_RESET_INPUTS=1,OUTPUT_RESET_SYNC_EDGES=deassert,RESET_REQUEST_PRESENT=0,RESET_REQ_EARLY_DSRT_TIME=1,RESET_REQ_WAIT_TIME=1,SYNC_DEPTH=2,USE_RESET_REQUEST_IN0=0,USE_RESET_REQUEST_IN1=0,USE_RESET_REQUEST_IN10=0,USE_RESET_REQUEST_IN11=0,USE_RESET_REQUEST_IN12=0,USE_RESET_REQUEST_IN13=0,USE_RESET_REQUEST_IN14=0,USE_RESET_REQUEST_IN15=0,USE_RESET_REQUEST_IN2=0,USE_RESET_REQUEST_IN3=0,USE_RESET_REQUEST_IN4=0,USE_RESET_REQUEST_IN5=0,USE_RESET_REQUEST_IN6=0,USE_RESET_REQUEST_IN7=0,USE_RESET_REQUEST_IN8=0,USE_RESET_REQUEST_IN9=0,USE_RESET_REQUEST_INPUT=0"
   instancePathKey="video_ip_sim_qsys:.:rst_controller"
   kind="altera_reset_controller"
   version="17.1"
   name="altera_reset_controller">
  <generatedFiles>
   <file
       path="C:/Users/jdelpin/Documents/GitHub/proyecto_CHS/hardware/video_ip/video_ip_sim_qsys/synthesis/submodules/altera_reset_controller.v"
       type="VERILOG"
       attributes="" />
   <file
       path="C:/Users/jdelpin/Documents/GitHub/proyecto_CHS/hardware/video_ip/video_ip_sim_qsys/synthesis/submodules/altera_reset_synchronizer.v"
       type="VERILOG"
       attributes="" />
   <file
       path="C:/Users/jdelpin/Documents/GitHub/proyecto_CHS/hardware/video_ip/video_ip_sim_qsys/synthesis/submodules/altera_reset_controller.sdc"
       type="SDC"
       attributes="" />
  </generatedFiles>
  <childGeneratedFiles/>
  <sourceFiles>
   <file
       path="C:/intelfpga/17.1/ip/altera/merlin/altera_reset_controller/altera_reset_controller_hw.tcl" />
  </sourceFiles>
  <childSourceFiles/>
  <instantiator instantiator="video_ip_sim_qsys" as="rst_controller" />
  <messages>
   <message level="Debug" culprit="video_ip_sim_qsys">queue size: 2 starting:altera_reset_controller "submodules/altera_reset_controller"</message>
   <message level="Info" culprit="rst_controller"><![CDATA["<b>video_ip_sim_qsys</b>" instantiated <b>altera_reset_controller</b> "<b>rst_controller</b>"]]></message>
  </messages>
 </entity>
 <entity
   path="submodules/"
   parameterizationKey="altera_merlin_master_translator:17.1:AV_ADDRESSGROUP=0,AV_ADDRESS_SYMBOLS=0,AV_ADDRESS_W=3,AV_ALWAYSBURSTMAXBURST=0,AV_BITS_PER_SYMBOL=8,AV_BURSTBOUNDARIES=0,AV_BURSTCOUNT_SYMBOLS=0,AV_BURSTCOUNT_W=1,AV_BYTEENABLE_W=4,AV_CONSTANT_BURST_BEHAVIOR=0,AV_DATA_HOLD=0,AV_DATA_W=32,AV_INTERLEAVEBURSTS=0,AV_ISBIGENDIAN=0,AV_LINEWRAPBURSTS=0,AV_MAX_PENDING_READ_TRANSACTIONS=64,AV_READLATENCY=0,AV_READ_WAIT=1,AV_REGISTERINCOMINGSIGNALS=0,AV_REGISTEROUTGOINGSIGNALS=0,AV_SETUP_WAIT=0,AV_SYMBOLS_PER_WORD=4,AV_WRITE_WAIT=0,SYNC_RESET=0,UAV_ADDRESSGROUP=0,UAV_ADDRESS_W=5,UAV_BURSTCOUNT_W=3,UAV_CONSTANT_BURST_BEHAVIOR=0,USE_ADDRESS=1,USE_BEGINBURSTTRANSFER=0,USE_BEGINTRANSFER=0,USE_BURSTCOUNT=0,USE_BYTEENABLE=0,USE_CHIPSELECT=0,USE_CLKEN=0,USE_DEBUGACCESS=0,USE_LOCK=0,USE_READ=1,USE_READDATA=1,USE_READDATAVALID=0,USE_READRESPONSE=0,USE_WAITREQUEST=1,USE_WRITE=1,USE_WRITEDATA=1,USE_WRITERESPONSE=0"
   instancePathKey="video_ip_sim_qsys:.:mm_interconnect_0:.:mm_master_bfm_0_m0_translator"
   kind="altera_merlin_master_translator"
   version="17.1"
   name="altera_merlin_master_translator">
  <parameter name="SYNC_RESET" value="0" />
  <generatedFiles>
   <file
       path="C:/Users/jdelpin/Documents/GitHub/proyecto_CHS/hardware/video_ip/video_ip_sim_qsys/synthesis/submodules/altera_merlin_master_translator.sv"
       type="SYSTEM_VERILOG"
       attributes="" />
  </generatedFiles>
  <childGeneratedFiles/>
  <sourceFiles>
   <file
       path="C:/intelfpga/17.1/ip/altera/merlin/altera_merlin_master_translator/altera_merlin_master_translator_hw.tcl" />
  </sourceFiles>
  <childSourceFiles/>
  <instantiator
     instantiator="video_ip_sim_qsys_mm_interconnect_0"
     as="mm_master_bfm_0_m0_translator" />
  <messages>
   <message level="Debug" culprit="video_ip_sim_qsys">queue size: 1 starting:altera_merlin_master_translator "submodules/altera_merlin_master_translator"</message>
   <message level="Info" culprit="mm_master_bfm_0_m0_translator"><![CDATA["<b>mm_interconnect_0</b>" instantiated <b>altera_merlin_master_translator</b> "<b>mm_master_bfm_0_m0_translator</b>"]]></message>
  </messages>
 </entity>
 <entity
   path="submodules/"
   parameterizationKey="altera_merlin_slave_translator:17.1:AV_ADDRESSGROUP=0,AV_ADDRESS_SYMBOLS=0,AV_ADDRESS_W=3,AV_ALWAYSBURSTMAXBURST=0,AV_BITS_PER_SYMBOL=8,AV_BURSTBOUNDARIES=0,AV_BURSTCOUNT_SYMBOLS=0,AV_BURSTCOUNT_W=1,AV_BYTEENABLE_W=4,AV_CONSTANT_BURST_BEHAVIOR=0,AV_DATA_HOLD=0,AV_DATA_HOLD_CYCLES=0,AV_DATA_W=32,AV_INTERLEAVEBURSTS=0,AV_ISBIGENDIAN=0,AV_LINEWRAPBURSTS=0,AV_MAX_PENDING_READ_TRANSACTIONS=1,AV_MAX_PENDING_WRITE_TRANSACTIONS=0,AV_READLATENCY=0,AV_READ_WAIT=1,AV_READ_WAIT_CYCLES=1,AV_REGISTERINCOMINGSIGNALS=0,AV_REGISTEROUTGOINGSIGNALS=0,AV_REQUIRE_UNALIGNED_ADDRESSES=0,AV_SETUP_WAIT=0,AV_SETUP_WAIT_CYCLES=0,AV_SYMBOLS_PER_WORD=4,AV_TIMING_UNITS=1,AV_WRITE_WAIT=0,AV_WRITE_WAIT_CYCLES=0,CHIPSELECT_THROUGH_READLATENCY=0,CLOCK_RATE=50000000,UAV_ADDRESSGROUP=0,UAV_ADDRESS_W=5,UAV_BURSTCOUNT_W=3,UAV_BYTEENABLE_W=4,UAV_CONSTANT_BURST_BEHAVIOR=0,UAV_DATA_W=32,USE_ADDRESS=1,USE_AV_CLKEN=0,USE_BEGINBURSTTRANSFER=0,USE_BEGINTRANSFER=0,USE_BURSTCOUNT=0,USE_BYTEENABLE=0,USE_CHIPSELECT=1,USE_DEBUGACCESS=0,USE_LOCK=0,USE_OUTPUTENABLE=0,USE_READ=1,USE_READDATA=1,USE_READDATAVALID=0,USE_READRESPONSE=0,USE_UAV_CLKEN=0,USE_WAITREQUEST=0,USE_WRITE=1,USE_WRITEBYTEENABLE=0,USE_WRITEDATA=1,USE_WRITERESPONSE=0"
   instancePathKey="video_ip_sim_qsys:.:mm_interconnect_0:.:video_effects_0_avalon_slave_translator"
   kind="altera_merlin_slave_translator"
   version="17.1"
   name="altera_merlin_slave_translator">
  <generatedFiles>
   <file
       path="C:/Users/jdelpin/Documents/GitHub/proyecto_CHS/hardware/video_ip/video_ip_sim_qsys/synthesis/submodules/altera_merlin_slave_translator.sv"
       type="SYSTEM_VERILOG"
       attributes="" />
  </generatedFiles>
  <childGeneratedFiles/>
  <sourceFiles>
   <file
       path="C:/intelfpga/17.1/ip/altera/merlin/altera_merlin_slave_translator/altera_merlin_slave_translator_hw.tcl" />
  </sourceFiles>
  <childSourceFiles/>
  <instantiator
     instantiator="video_ip_sim_qsys_mm_interconnect_0"
     as="video_effects_0_avalon_slave_translator" />
  <messages>
   <message level="Debug" culprit="video_ip_sim_qsys">queue size: 0 starting:altera_merlin_slave_translator "submodules/altera_merlin_slave_translator"</message>
   <message level="Info" culprit="video_effects_0_avalon_slave_translator"><![CDATA["<b>mm_interconnect_0</b>" instantiated <b>altera_merlin_slave_translator</b> "<b>video_effects_0_avalon_slave_translator</b>"]]></message>
  </messages>
 </entity>
</deploy>
